,data,hora,natureza_acidente,situacao,bairro,endereco,complemento,bairro_cruzamento,tipo,descricao,auto,moto,ciclom,ciclista,pedestre,onibus,caminhao,viatura,outros,vitimas,vitimasfatais,Protocolo,dia_da_semana,mes,ano,estacao
0,2020-01-01,00:39:00,Sem vítimas,CANCELADA,ÁGUA FRIA,RUA SAO SEBASTIAO,EM FRENTE A IGREJA UNIVERSAL,ÁGUA FRIA,COLISÃO,COLISÃO ENTRE DOIS AUTOS S/V,2.0,0.22005847342591625,0.0017196669851235159,0.01648172323759791,0.02148432188409344,0.030668068019511142,0.02798623716507274,0.014800479720889664,0.0036808812302323046,0.0,,,Wednesday,1.0,2020.0,Verão
1,2020-01-01,01:04:00,Sem vítimas,FINALIZADA,CORDEIRO,AV CAXANGA,nan,CORDEIRO,ABALROAMENTO LONGITUDINAL,COLISÃO ENTRE DOIS AUTOS S/V,2.0,0.22005847342591625,0.0017196669851235159,0.01648172323759791,0.02148432188409344,0.030668068019511142,0.02798623716507274,0.014800479720889664,0.0036808812302323046,0.0,,,Wednesday,1.0,2020.0,Verão
2,2020-01-01,02:16:00,Sem vítimas,FINALIZADA,AREIAS,AV RECIFE,LADO OPOSTO AO RESIDENCIAL IGNEZ ANDREAZZA,AREIAS,CHOQUE VEÍCULO PARADO,COLISÃO ENTRE DOIS AUTOS S/V,2.0,0.22005847342591625,0.0017196669851235159,0.01648172323759791,0.02148432188409344,0.030668068019511142,0.02798623716507274,0.014800479720889664,0.0036808812302323046,0.0,,,Wednesday,1.0,2020.0,Verão
3,2020-01-01,02:22:00,Sem vítimas,FINALIZADA,BOA VIAGEM,AV BOA VIAGEM,EM FRENTE AO 1º JARDIM B. VIAGEM,BOA VIAGEM,COLISÃO TRASEIRA,COLISÃO ENTRE DOIS AUTOS S/V,2.0,0.22005847342591625,0.0017196669851235159,0.01648172323759791,0.02148432188409344,0.030668068019511142,0.02798623716507274,0.014800479720889664,0.0036808812302323046,0.0,,,Wednesday,1.0,2020.0,Verão
4,2020-01-01,03:33:00,Sem vítimas,FINALIZADA,PAISSANDU,AV GOVERNADOR AGAMENON MAGALHAES,CAIXA ECONÔMICA FEDERAL ILHA DO LEITE,PAISSANDU,ABALROAMENTO TRANSVERSAL,COLISÃOENTRE DOIS AUTOS S/V,2.0,0.22005847342591625,0.0017196669851235159,0.01648172323759791,0.02148432188409344,0.030668068019511142,0.02798623716507274,0.014800479720889664,0.0036808812302323046,0.0,,,Wednesday,1.0,2020.0,Verão
5,2020-01-01,04:18:00,Sem vítimas,FINALIZADA,BARRO,AV DR JOSE RUFINO,nan,BARRO,COLISÃO TRASEIRA,COLISÃO ENTRE DOIS AUTOS S/V,2.0,0.22005847342591625,0.0017196669851235159,0.01648172323759791,0.02148432188409344,0.030668068019511142,0.02798623716507274,0.014800479720889664,0.0036808812302323046,0.0,,,Wednesday,1.0,2020.0,Verão
6,2020-01-01,04:47:00,Sem vítimas,FINALIZADA,PINA,AV CONSELHEIRO AGUIAR,nan,PINA,CHOQUE OBJETO FIXO,AUTO CHOCOU-SE EM MURO DE UMA RESIDENCIA E EM UM POSTE S/V,1.0,0.22005847342591625,0.0017196669851235159,0.01648172323759791,0.02148432188409344,0.030668068019511142,0.02798623716507274,0.014800479720889664,0.0036808812302323046,0.0,,,Wednesday,1.0,2020.0,Verão
7,2020-01-01,09:06:00,Não fatal,FINALIZADA,PINA,AVENIDA CELSO FURTADO (VIA MANGUE),PROX: SHOPPING RIO MAR . ULTIMA CURVA ANTES DO SHPPING RIO MAR,PINA,CHOQUE OBJETO FIXO,COLISAO COM DUAS VITIMA. MOTO COM GLADIO  DA VIA,,1.0,0.0,0.4,0.4,0.2,0.0,0.4,0.2,2.0,,,Wednesday,1.0,2020.0,Verão
8,2020-01-01,10:07:00,Não fatal,FINALIZADA,MADALENA,EST DOS REMEDIOS,LADO OPOSTO AO LESSA DE ANDRADE,MADALENA,CHOQUE OBJETO FIXO,PEGEOUT SE CHOCOU COM POSTE E COM O GRADIL DA LOJA DE VEÍCULOS PROVOCANDO AVARIAS EM UM VEÍCULO,1.0,0.22005847342591625,0.0017196669851235159,0.01648172323759791,0.02148432188409344,0.030668068019511142,0.02798623716507274,0.014800479720889664,0.0036808812302323046,1.0,,,Wednesday,1.0,2020.0,Verão
9,2020-01-01,12:09:00,Sem vítimas,FINALIZADA,NOVA DESCOBERTA,RUA NOVA DESCOBERTA,nan,NOVA DESCOBERTA,CHOQUE VEÍCULO PARADO,COLISÃO SEM VÍTIMA,1.0,0.0,0.0,0.0,0.0,0.0,1.0,0.2,0.2,0.0,,,Wednesday,1.0,2020.0,Verão
10,2020-01-01,15:00:00,Sem vítimas,FINALIZADA,ROSARINHO,RUA CAPITAO SAMPAIO XAVIER,PORTAL DA PICANHA,ROSARINHO,ABALROAMENTO TRANSVERSAL,COLISÃO S/VITIMAS ENTRE DOIS AUTOS,2.0,0.22005847342591625,0.0017196669851235159,0.01648172323759791,0.02148432188409344,0.030668068019511142,0.02798623716507274,0.014800479720889664,0.0036808812302323046,0.0,,,Wednesday,1.0,2020.0,Verão
11,2020-01-01,15:03:00,Sem vítimas,FINALIZADA,TORRÕES,RUA QUINZE DE MARCO,AO LADO DA PRAÇA DA CHESF,TORRÕES,COLISÃO TRASEIRA,COLISÃO SEM VÍTIMA,2.0,0.22005847342591625,0.0017196669851235159,0.01648172323759791,0.02148432188409344,0.030668068019511142,0.02798623716507274,0.014800479720889664,0.0036808812302323046,0.0,,,Wednesday,1.0,2020.0,Verão
12,2020-01-01,16:46:00,Sem vítimas,FINALIZADA,BOMBA DO HEMETÉRIO,RUA BOMBA DO HEMETERIO,nan,BOMBA DO HEMETÉRIO,COLISÃO FRONTAL,COLISÃO SEM VÍTIMA,2.0,0.22005847342591625,0.0017196669851235159,0.01648172323759791,0.02148432188409344,0.030668068019511142,0.02798623716507274,0.014800479720889664,0.0036808812302323046,0.0,,,Wednesday,1.0,2020.0,Verão
13,2020-01-01,16:56:00,Sem vítimas,FINALIZADA,SAN MARTIN,RUA VINTE E UM DE ABRIL,LOJA MULTILAR,SAN MARTIN,ABALROAMENTO TRANSVERSAL,COLISÃO S/VITIMAS UMA MOTO E UM AUTO,1.0,1.0,0.0,0.4,0.4,0.2,0.0,0.4,0.2,0.0,,,Wednesday,1.0,2020.0,Verão
14,2020-01-01,23:46:00,Não fatal,FINALIZADA,BOA VIAGEM,RUA DEZ DE JULHO,APÓS A ESTAÇÃO AEROPORTO / NA RUA DO SALÃO DE FESTA MAISON CRISTAL,BOA VIAGEM,COLISÃO FRONTAL,ENTRE AUTO E MOTO. C/V,1.0,1.0,0.0,0.4,0.4,0.2,0.0,0.4,0.2,1.0,,,Wednesday,1.0,2020.0,Verão
15,2020-01-01,23:50:00,Sem vítimas,FINALIZADA,CORDEIRO,AV ENGENHEIRO ABDIAS DE CARVALHO,SEMÁFORO Nº 058,CORDEIRO,ABALROAMENTO TRANSVERSAL,ENTRE 2 AUTOS. S/V,2.0,0.22005847342591625,0.0017196669851235159,0.01648172323759791,0.02148432188409344,0.030668068019511142,0.02798623716507274,0.014800479720889664,0.0036808812302323046,0.0,,,Wednesday,1.0,2020.0,Verão
16,2020-01-02,06:14:00,Não fatal,FINALIZADA,AREIAS,AV RECIFE,E/F A AMERICA FILM E POSTO IPIRANGA,AREIAS,ABALROAMENTO LONGITUDINAL,COLISÃO C/VITIMA ENTRE UMA MOTO E UM ONIBUS,,1.0,0.2,0.4,0.4,1.0,0.2,0.4,0.2,1.0,,,Thursday,1.0,2020.0,Verão
17,2020-01-02,07:20:00,Sem vítimas,FINALIZADA,PAISSANDU,AV GOVERNADOR AGAMENON MAGALHAES,SOB O SEMÁFORO,PAISSANDU,COLISÃO TRASEIRA,COLISÃO S/VITIMAS ENTRE DOIS AUTOS ENTRE DOIS AUTOS (GM EVANDRO E EVERTON SILVA NO QTH),2.0,0.22005847342591625,0.0017196669851235159,0.01648172323759791,0.02148432188409344,0.030668068019511142,0.02798623716507274,0.014800479720889664,0.0036808812302323046,0.0,,,Thursday,1.0,2020.0,Verão
18,2020-01-02,08:48:00,Sem vítimas,FINALIZADA,IPSEP,RUA JEAN EMILE FAVRE,SEMÁFORO 636,IPSEP,ABALROAMENTO LONGITUDINAL,SEM VITIMAS,2.0,0.22005847342591625,0.0017196669851235159,0.01648172323759791,0.02148432188409344,0.030668068019511142,0.02798623716507274,0.014800479720889664,0.0036808812302323046,0.0,,,Thursday,1.0,2020.0,Verão
19,2020-01-02,08:56:00,Sem vítimas,FINALIZADA,MADALENA,RUA DES LUIZ SALAZAR,nan,MADALENA,ABALROAMENTO TRANSVERSAL,SEM VITIMAS,2.0,0.22005847342591625,0.0017196669851235159,0.01648172323759791,0.02148432188409344,0.030668068019511142,0.02798623716507274,0.014800479720889664,0.0036808812302323046,0.0,,,Thursday,1.0,2020.0,Verão
20,2020-01-02,09:14:00,Sem vítimas,FINALIZADA,IMBIRIBEIRA,AV MARECHAL MASCARENHAS DE MORAES,POSTO BR,IMBIRIBEIRA,COLISÃO TRASEIRA,COLISÃO S/VITIMAS ENTRE DOIS AUTOS,2.0,0.22005847342591625,0.0017196669851235159,0.01648172323759791,0.02148432188409344,0.030668068019511142,0.02798623716507274,0.014800479720889664,0.0036808812302323046,0.0,,,Thursday,1.0,2020.0,Verão
21,2020-01-02,09:50:00,Sem vítimas,FINALIZADA,AFOGADOS,nan,EM FRENTE A LOJA MARCUS SAPATOS,AFOGADOS,ABALROAMENTO LONGITUDINAL,SEM VITIMAS,1.0,0.0,0.0,0.0,0.0,0.0,1.0,0.2,0.2,0.0,,,Thursday,1.0,2020.0,Verão
22,2020-01-02,10:27:00,Sem vítimas,CANCELADA,COHAB,RUA DEPUTADO JOAQUIM COUTINHO,EM FRENTE A UPA DA LAGOA ENCANTADA,COHAB,COLISÃO,SEM VITIMAS,1.0,1.0,0.0,0.4,0.4,0.2,0.0,0.4,0.2,0.0,,,Thursday,1.0,2020.0,Verão
23,2020-01-02,10:33:00,Não fatal,FINALIZADA,BARRO,AV DR JOSE RUFINO,NA ENTRADA DA BR 101 (AUTO ELÉTRICA VAL),BARRO,ABALROAMENTO TRANSVERSAL,COLISÃO C/VITIMA ENTRE UMA MOTO E UM AUTO,1.0,1.0,0.0,0.4,0.4,0.2,0.0,0.4,0.2,1.0,,,Thursday,1.0,2020.0,Verão
24,2020-01-02,12:21:00,Não fatal,FINALIZADA,BOA VIAGEM,RUA VISCONDE DE JEQUITINHONHA,E/F AO SOBERANO,BOA VIAGEM,COLISÃO TRASEIRA,ENTRE AUTO PASSEIO X MOTO COM VÍTIMA,1.0,1.0,0.0,0.4,0.4,0.2,0.0,0.4,0.2,1.0,,,Thursday,1.0,2020.0,Verão
25,2020-01-02,13:09:00,Sem vítimas,FINALIZADA,ENGENHO DO MEIO,RUA GOVERNADOR LOPO GARRO,nan,ENGENHO DO MEIO,ABALROAMENTO LONGITUDINAL,COLISÃO SEM VÍTIMA,2.0,0.22005847342591625,0.0017196669851235159,0.01648172323759791,0.02148432188409344,0.030668068019511142,0.02798623716507274,0.014800479720889664,0.0036808812302323046,0.0,,,Thursday,1.0,2020.0,Verão
26,2020-01-02,13:27:00,Sem vítimas,CANCELADA,NOVA DESCOBERTA,RUA ALTO JARDIM PROGRESSO,NO TERMINAL DO TRASPORTE COMPLEMENTAR,NOVA DESCOBERTA,COLISÃO,COLISAO ENTRE DOIS MICROONIBUS DO TRASPORTE COMPLEMENTAR,,0.0,0.0,0.0,0.0,2.0,0.0,0.0,0.0,0.0,,,Thursday,1.0,2020.0,Verão
27,2020-01-02,14:12:00,Sem vítimas,FINALIZADA,JORDÃO,RUA DES EVANDRO NETTO,nan,JORDÃO,ABALROAMENTO LONGITUDINAL,COLISÃO SEM VÍTIMA,1.0,0.8,0.2,0.4,0.0,1.0,0.0,0.2,0.0,0.0,,,Thursday,1.0,2020.0,Verão
28,2020-01-02,14:15:00,Sem vítimas,FINALIZADA,BOA VIAGEM,AV CONSELHEIRO AGUIAR,nan,BOA VIAGEM,ABALROAMENTO LONGITUDINAL,ENTRE DOIS AUTOS S/V,2.0,0.22005847342591625,0.0017196669851235159,0.01648172323759791,0.02148432188409344,0.030668068019511142,0.02798623716507274,0.014800479720889664,0.0036808812302323046,0.0,,,Thursday,1.0,2020.0,Verão
29,2020-01-02,14:27:00,Sem vítimas,FINALIZADA,PORTO DA MADEIRA,RUA JUDITE,APÓS BARBEARIA GE CABELOS,PORTO DA MADEIRA,CHOQUE VEÍCULO PARADO,COLISÃO SEM VÍTIMA,1.0,0.0,0.0,0.0,0.0,0.0,1.0,0.2,0.2,0.0,,,Thursday,1.0,2020.0,Verão
30,2020-01-02,14:36:00,Não fatal,FINALIZADA,PRADO,RUA JOAO IVO DA SILVA,E/F A HONDA,PRADO,COLISÃO COM CICLISTA,COLISAO ENTRE MOTO E CICLISTA VT 15 NO LOCAL,,1.0,0.0,1.0,0.6,0.8,0.8,0.4,0.2,1.0,,,Thursday,1.0,2020.0,Verão
31,2020-01-02,15:23:00,Sem vítimas,FINALIZADA,ILHA DO RETIRO,EST DOS REMEDIOS,BOB'S,ILHA DO RETIRO,ABALROAMENTO LONGITUDINAL,ENTRE DOIS AUTOS S/V,2.0,0.22005847342591625,0.0017196669851235159,0.01648172323759791,0.02148432188409344,0.030668068019511142,0.02798623716507274,0.014800479720889664,0.0036808812302323046,0.0,,,Thursday,1.0,2020.0,Verão
32,2020-01-02,16:01:00,Não fatal,FINALIZADA,IPUTINGA,AV CAXANGA,E/F AO TERMINAL TI CDU EM FRENTE A FORD GRANVIA,IPUTINGA,COLISÃO TRASEIRA,COLISAO ENTRE TAXI E MOTO COM UMA VITIMA,1.0,1.0,0.0,0.4,0.4,0.2,0.0,0.4,0.2,1.0,,,Thursday,1.0,2020.0,Verão
33,2020-01-02,16:07:00,Não fatal,FINALIZADA,FUNDÃO,AV BEBERIBE,NA ENTRADA DA BARRIGUDA NO SEMAFORO 307,FUNDÃO,ABALROAMENTO TRANSVERSAL,AUTO E MOTO.,1.0,1.0,0.0,0.4,0.4,0.2,0.0,0.4,0.2,1.0,,,Thursday,1.0,2020.0,Verão
34,2020-01-02,16:39:00,Sem vítimas,FINALIZADA,MACAXEIRA,AV NORTE,EM FRENTE AO PARQUE DA MACAXEIRA,MACAXEIRA,CHOQUE VEÍCULO PARADO,ENTRE ONIBUS X AUTO PASSEIO S/V,1.0,0.8,0.2,0.4,0.0,1.0,0.0,0.2,0.0,0.0,,,Thursday,1.0,2020.0,Verão
35,2020-01-02,16:52:00,Sem vítimas,FINALIZADA,BOA VIAGEM,RUA BARAO DE SOUZA LEAO,SOB O SEMÁFORO 159,BOA VIAGEM,ABALROAMENTO LONGITUDINAL,ENTRE DOIS AUTOS S/V,2.0,0.22005847342591625,0.0017196669851235159,0.01648172323759791,0.02148432188409344,0.030668068019511142,0.02798623716507274,0.014800479720889664,0.0036808812302323046,0.0,,,Thursday,1.0,2020.0,Verão
36,2020-01-02,17:16:00,Sem vítimas,FINALIZADA,BAIRRO DO RECIFE,AV ALFREDO LISBOA,EM FRENTE A SAÍDA / ENTRADA DO ARMAZÉM 14,BAIRRO DO RECIFE,ABALROAMENTO LONGITUDINAL,COLISAO ENTRE CAMINHAO E AUTOS S/V,1.0,0.0,0.0,0.0,0.0,0.0,1.0,0.2,0.2,0.0,,,Thursday,1.0,2020.0,Verão
37,2020-01-02,17:42:00,Sem vítimas,FINALIZADA,IMBIRIBEIRA,AV MARECHAL MASCARENHAS DE MORAES,LADO OPOSTO A PARVI LOCADORA,IMBIRIBEIRA,COLISÃO TRASEIRA,COLISÃO SEM VÍTIMA,1.0,1.0,0.0,0.4,0.4,0.2,0.0,0.4,0.2,0.0,,,Thursday,1.0,2020.0,Verão
38,2020-01-02,17:59:00,Sem vítimas,CANCELADA,ENCRUZILHADA,EST DE BELEM,AO LADO DA PAGUE MENOS,ENCRUZILHADA,COLISÃO,ENTRE AUTO PASSEIO X CAMINHÃO S/V,1.0,0.0,0.0,0.0,0.0,0.0,1.0,0.2,0.2,0.0,,,Thursday,1.0,2020.0,Verão
39,2020-01-02,20:13:00,Não fatal,FINALIZADA,MADALENA,RUA JOSE OSORIO,E/F A UNICAR AUTOMOVES,MADALENA,CHOQUE VEÍCULO PARADO,CONDUTORA DO GM/ONIX DESMAIOU E CAPOTOU O VEICULO QUE- SE CHOCOU CONTRA DOIS OUTROS AUTOS PASSEIO QUE ESTAVAM ESTACIONADOS NA VIA,3.0,0.22005847342591625,0.0017196669851235159,0.01648172323759791,0.02148432188409344,0.030668068019511142,0.02798623716507274,0.014800479720889664,0.0036808812302323046,1.0,,,Thursday,1.0,2020.0,Verão
40,2020-01-02,20:32:00,Sem vítimas,CANCELADA,ILHA DO RETIRO,RUA SPORT CLUBE DO RECIFE,E/F AO SPORT CLUBE DO RECIFE,ILHA DO RETIRO,COLISÃO,ONIBUS X AUTO PASSEIO S/V,1.0,0.8,0.2,0.4,0.0,1.0,0.0,0.2,0.0,0.0,,,Thursday,1.0,2020.0,Verão
41,2020-01-02,21:14:00,Sem vítimas,CANCELADA,BAIRRO DO RECIFE,AV ALFREDO LISBOA,E/F AO MARCO ZERO,BAIRRO DO RECIFE,COLISÃO,ENTRE DOIS AUTOS S/V,2.0,0.22005847342591625,0.0017196669851235159,0.01648172323759791,0.02148432188409344,0.030668068019511142,0.02798623716507274,0.014800479720889664,0.0036808812302323046,0.0,,,Thursday,1.0,2020.0,Verão
42,2020-01-02,23:55:00,Não fatal,FINALIZADA,BONGI,AV ENGENHEIRO ABDIAS DE CARVALHO,E/F A ESTACIO / PROX AO POSTO DISLUB,BONGI,COLISÃO TRASEIRA,ENTRE AUTO PASSEIO E MOTO COM VÍTIMA,1.0,1.0,0.0,0.4,0.4,0.2,0.0,0.4,0.2,2.0,,,Thursday,1.0,2020.0,Verão
43,2020-01-03,00:39:00,Sem vítimas,FINALIZADA,CORDEIRO,RUA ODETE MONTEIRO,nan,CORDEIRO,ABALROAMENTO TRANSVERSAL,COLISÃO ENTRE DOIS AUTOS- S/V,2.0,0.22005847342591625,0.0017196669851235159,0.01648172323759791,0.02148432188409344,0.030668068019511142,0.02798623716507274,0.014800479720889664,0.0036808812302323046,0.0,,,Friday,1.0,2020.0,Verão
44,2020-01-03,06:04:00,Sem vítimas,CANCELADA,SÃO JOSÉ,AV DANTAS BARRETO,PROX A PRAÇA SERGIO LORETO   EM  FRENTE AO POSTO DE GASOLINA BR,SÃO JOSÉ,COLISÃO,COLISÃO SEM VITIMAS,2.0,0.22005847342591625,0.0017196669851235159,0.01648172323759791,0.02148432188409344,0.030668068019511142,0.02798623716507274,0.014800479720889664,0.0036808812302323046,0.0,,,Friday,1.0,2020.0,Verão
45,2020-01-03,06:41:00,Sem vítimas,FINALIZADA,IMBIRIBEIRA,AV MARECHAL MASCARENHAS DE MORAES,LADO OPOSTO AO IBIS HOTEL / SEMÁFORO 218,IMBIRIBEIRA,COLISÃO TRASEIRA,COLISÃO S/VITIMAS ENTRE UM CAMINHÃO E UM AUTO (V.T 14(INS.FERNANDES) NO QTH),1.0,0.0,0.0,0.0,0.0,0.0,1.0,0.2,0.2,0.0,,,Friday,1.0,2020.0,Verão
46,2020-01-03,06:42:00,Sem vítimas,FINALIZADA,ENCRUZILHADA,RUA CASTRO ALVES,nan,ENCRUZILHADA,ABALROAMENTO LONGITUDINAL,COLISAO S/ VITIMA VEICULO E ONIBUS,1.0,0.8,0.2,0.4,0.0,1.0,0.0,0.2,0.0,0.0,,,Friday,1.0,2020.0,Verão
47,2020-01-03,07:44:00,Sem vítimas,EQUIPE NO LOCAL,CURADO,RUA DR GEORGE WILLIAM BUTLER,EM FRENTE A VIP LEILÕES,CURADO,ABALROAMENTO TRANSVERSAL,COLISÃO SEM VITIMAS,1.0,1.0,0.0,0.4,0.4,0.2,0.0,0.4,0.2,0.0,,,Friday,1.0,2020.0,Verão
48,2020-01-03,07:53:00,Não fatal,FINALIZADA,BOA VISTA,RUA AURORA,E/F AO TRIBUNAL DE CONTAS DO ESTADO,BOA VISTA,COLISÃO COM CICLISTA,COLISÃO C/VITIMA ENTRE UMA MOTO E UMA BICICLETA (V.T NO 29),,1.0,0.0,1.0,0.6,0.8,0.8,0.4,0.2,1.0,,,Friday,1.0,2020.0,Verão
49,2020-01-03,08:04:00,Sem vítimas,FINALIZADA,SÃO JOSÉ,AV SUL,nan,SÃO JOSÉ,COLISÃO TRASEIRA,COLISÃO S/VITIMAS ENTRE TRÊS AUTOS,3.0,0.22005847342591625,0.0017196669851235159,0.01648172323759791,0.02148432188409344,0.030668068019511142,0.02798623716507274,0.014800479720889664,0.0036808812302323046,0.0,,,Friday,1.0,2020.0,Verão
50,2020-01-03,08:08:00,Não fatal,FINALIZADA,IBURA,LAD DA COHAB,PROX. A POLICLINICA E ANTIGO MOTEL GIRADOR,IBURA,COLISÃO TRASEIRA,CAMINHÃO- AUTO E MOTO PONTO FIXO GM TORRES,1.0,1.0,0.0,0.6,0.6,0.6,1.0,0.6,0.4,1.0,,,Friday,1.0,2020.0,Verão
51,2020-01-03,08:10:00,Sem vítimas,FINALIZADA,IMBIRIBEIRA,AV GENERAL MAC ARTHUR,EM FRENTE AO EDIFÍCIO MARIA FERREIRA DE CASTRO,IMBIRIBEIRA,ABALROAMENTO LONGITUDINAL,ENGAVETAMENTO S/ VITIMA ENTRE TRES VEICULOS. GM RAMBALDI E MARCOS MAIA NO LOCAL,3.0,0.22005847342591625,0.0017196669851235159,0.01648172323759791,0.02148432188409344,0.030668068019511142,0.02798623716507274,0.014800479720889664,0.0036808812302323046,0.0,,,Friday,1.0,2020.0,Verão
52,2020-01-03,08:29:00,Sem vítimas,CANCELADA,SAN MARTIN,RUA MANOEL VIEIRA,PROX. A IGREJA ASSEMBLEIA DE DEUS,SAN MARTIN,COLISÃO,MOTO E AUTO,1.0,1.0,0.0,0.4,0.4,0.2,0.0,0.4,0.2,0.0,,,Friday,1.0,2020.0,Verão
53,2020-01-03,08:44:00,Não fatal,FINALIZADA,CABANGA,RUA NOVA DA CABANGA,EMBAIXO DO VIADUTO CAP. TEMUDO,CABANGA,ABALROAMENTO LONGITUDINAL,MOTO E AUTO,1.0,1.0,0.0,0.4,0.4,0.2,0.0,0.4,0.2,2.0,,,Friday,1.0,2020.0,Verão
54,2020-01-03,09:06:00,Não fatal,FINALIZADA,BOA VIAGEM,AV ENGENHEIRO DOMINGOS FERREIRA,EM FRENTE AO RESTAURANTE FAMILIA JULIANO,BOA VIAGEM,COLISÃO TRASEIRA,COLISÃO SEM VITIMAS GM EDSON E DECIO QTH,1.0,0.8,0.2,0.4,0.0,1.0,0.0,0.2,0.0,1.0,,,Friday,1.0,2020.0,Verão
55,2020-01-03,09:16:00,Sem vítimas,FINALIZADA,PINA,AV HERCULANO BANDEIRA,TABELIONATO FIGUEIREDO,PINA,COLISÃO TRASEIRA,COLISÃO SEM VITIMAS,2.0,0.22005847342591625,0.0017196669851235159,0.01648172323759791,0.02148432188409344,0.030668068019511142,0.02798623716507274,0.014800479720889664,0.0036808812302323046,0.0,,,Friday,1.0,2020.0,Verão
56,2020-01-03,09:34:00,Sem vítimas,FINALIZADA,nan,AV MARECHAL MASCARENHAS DE MORAES,LADO OPOSTO AO FERRO +,,COLISÃO TRASEIRA,COLISAO S/ VITIMA ENTRE DOIS VEICULOS,2.0,0.22005847342591625,0.0017196669851235159,0.01648172323759791,0.02148432188409344,0.030668068019511142,0.02798623716507274,0.014800479720889664,0.0036808812302323046,0.0,,,Friday,1.0,2020.0,Verão
57,2020-01-03,09:42:00,Sem vítimas,DUPLICIDADE,IMBIRIBEIRA,AV ANTONIO TORRES GALVAO,EM FRENTE A LOJA GESSO UNIVERSAL,IMBIRIBEIRA,COLISÃO,COLISÃO SEM VITIMAS,,1.0,0.0,0.6,0.2,0.8,1.0,1.0,0.4,0.0,,,Friday,1.0,2020.0,Verão
58,2020-01-03,09:46:00,Sem vítimas,FINALIZADA,IMBIRIBEIRA,RUA ALFREDO MARCONDES,EM FRENTE AO Nº 68,IMBIRIBEIRA,COLISÃO TRASEIRA,COLISÃO SEM VITIMAS,1.0,0.0,0.0,0.0,0.0,0.0,1.0,0.2,0.2,0.0,,,Friday,1.0,2020.0,Verão
59,2020-01-03,10:15:00,Sem vítimas,CANCELADA,AREIAS,AV IZABEL DE GOES,LADO OPOSTO DA CONCESSIONARIA CHEVROLET,AREIAS,COLISÃO,CAMINHÃO E AUTO,1.0,0.0,0.0,0.0,0.0,0.0,1.0,0.2,0.2,0.0,,,Friday,1.0,2020.0,Verão
60,2020-01-03,10:42:00,Sem vítimas,FINALIZADA,TORRÕES,AV ENGENHEIRO ABDIAS DE CARVALHO,AO LADO DA UPA,TORRÕES,COLISÃO TRASEIRA,COLISÃO SEM VITIMAS,4.0,0.22005847342591625,0.0017196669851235159,0.01648172323759791,0.02148432188409344,0.030668068019511142,0.02798623716507274,0.014800479720889664,0.0036808812302323046,0.0,,,Friday,1.0,2020.0,Verão
61,2020-01-03,10:48:00,Sem vítimas,FINALIZADA,BOA VIAGEM,RUA PADRE BERNADINO PESSOA,RESTAURANTE ILHA DOS NAVEGANTES,BOA VIAGEM,CHOQUE VEÍCULO PARADO,COLISAO S/ VITIMA. ENTRE DOIS VEICULOS,2.0,0.22005847342591625,0.0017196669851235159,0.01648172323759791,0.02148432188409344,0.030668068019511142,0.02798623716507274,0.014800479720889664,0.0036808812302323046,0.0,,,Friday,1.0,2020.0,Verão
62,2020-01-03,10:54:00,Sem vítimas,FINALIZADA,AREIAS,AV RECIFE,HN VEÍCULOS,AREIAS,ABALROAMENTO LONGITUDINAL,COLISÃO S/VITIMAS ENTRE UM ONIBUS E TRES AUTOS,3.0,0.8,0.2,0.4,0.0,1.0,0.0,0.2,0.0,0.0,,,Friday,1.0,2020.0,Verão
63,2020-01-03,11:41:00,Sem vítimas,FINALIZADA,FUNDÃO,AV BEBERIBE,VIA NET ACESSÓRIOS E MANUTENÇÃO,FUNDÃO,COLISÃO TRASEIRA,COLISÃO S/VITIMAS DOIS AUTOS,2.0,0.22005847342591625,0.0017196669851235159,0.01648172323759791,0.02148432188409344,0.030668068019511142,0.02798623716507274,0.014800479720889664,0.0036808812302323046,0.0,,,Friday,1.0,2020.0,Verão
64,2020-01-03,13:27:00,Sem vítimas,FINALIZADA,BOA VIAGEM,RUA RIBEIRO DE BRITO,POSTO BR,BOA VIAGEM,ABALROAMENTO TRANSVERSAL,COLISÃO SEM VITIMA,2.0,0.22005847342591625,0.0017196669851235159,0.01648172323759791,0.02148432188409344,0.030668068019511142,0.02798623716507274,0.014800479720889664,0.0036808812302323046,0.0,,,Friday,1.0,2020.0,Verão
65,2020-01-03,13:54:00,Sem vítimas,FINALIZADA,SANTO AMARO,AV CRUZ CABUGA,EM FRENTE AO SEMÁFORO 343,SANTO AMARO,COLISÃO TRASEIRA,COLISÃO SEM VITIMA,1.0,0.8,0.2,0.4,0.0,1.0,0.0,0.2,0.0,0.0,,,Friday,1.0,2020.0,Verão
66,2020-01-03,14:04:00,Não fatal,FINALIZADA,BOA VIAGEM,AVENIDA CELSO FURTADO (VIA MANGUE),NA ENTRADA PARA A CAPELA DO FREI DAMIÃO / ENTRADA DO GTO,BOA VIAGEM,ABALROAMENTO LONGITUDINAL,COLISÃO COM VITIMA/ 2 VITIMAS ...EQUIPE DO BOMBEIRO NO LOCAL,1.0,1.0,0.0,0.4,0.4,0.2,0.0,0.4,0.2,2.0,,,Friday,1.0,2020.0,Verão
67,2020-01-03,14:19:00,Não fatal,FINALIZADA,APIPUCOS,RUA DOIS IRMAOS,AO LADO DO COLEGIO CANDIDO DUARTE,APIPUCOS,COLISÃO TRASEIRA,COLISÃO COM VITIMA...AGUARDANDO SAMU,1.0,1.0,0.0,0.4,0.4,0.2,0.0,0.4,0.2,1.0,,,Friday,1.0,2020.0,Verão
68,2020-01-03,14:53:00,Sem vítimas,FINALIZADA,CORDEIRO,AV CAXANGA,nan,CORDEIRO,COLISÃO TRASEIRA,COLISÃO SEM VÍTIMA,2.0,0.22005847342591625,0.0017196669851235159,0.01648172323759791,0.02148432188409344,0.030668068019511142,0.02798623716507274,0.014800479720889664,0.0036808812302323046,0.0,,,Friday,1.0,2020.0,Verão
69,2020-01-03,15:24:00,Sem vítimas,FINALIZADA,MADALENA,RUA REAL DA TORRE,MERCADO DA MADALENA,MADALENA,COLISÃO TRASEIRA,COLISÃO SEM VITIMA,2.0,0.22005847342591625,0.0017196669851235159,0.01648172323759791,0.02148432188409344,0.030668068019511142,0.02798623716507274,0.014800479720889664,0.0036808812302323046,0.0,,,Friday,1.0,2020.0,Verão
70,2020-01-03,15:46:00,Não fatal,FINALIZADA,DERBY,RUA HENRIQUE DIAS,nan,DERBY,ABALROAMENTO LONGITUDINAL,AUTO E MOTO.,1.0,1.0,0.0,0.4,0.4,0.2,0.0,0.4,0.2,1.0,,,Friday,1.0,2020.0,Verão
71,2020-01-03,15:53:00,Sem vítimas,FINALIZADA,BOA VIAGEM,AV DOM JOAO VI,nan,BOA VIAGEM,COLISÃO TRASEIRA,COLISAO ENTRE AUTO E MOTO S/V,1.0,1.0,0.0,0.4,0.4,0.2,0.0,0.4,0.2,0.0,,,Friday,1.0,2020.0,Verão
72,2020-01-03,16:49:00,Sem vítimas,FINALIZADA,PRADO,RUA PANDIA CALOGERAS,SALÃO DE BELEZA NALDIA GOLDEIO,PRADO,ABALROAMENTO TRANSVERSAL,COLISÃO SEM VITIMA,1.0,0.8,0.2,0.4,0.0,1.0,0.0,0.2,0.0,0.0,,,Friday,1.0,2020.0,Verão
73,2020-01-03,17:05:00,Sem vítimas,FINALIZADA,ÁGUA FRIA,EST VELHA DE AGUA FRIA,EM FRENTE AO ESTABELECIMENTO DELÍCIAS BOMBONS,ÁGUA FRIA,COLISÃO FRONTAL,COLISÃO SEM VÍTIMA,2.0,0.6,0.0,0.0,0.0,0.0,0.2,0.0,1.0,0.0,,,Friday,1.0,2020.0,Verão
74,2020-01-03,18:37:00,Sem vítimas,FINALIZADA,CASA FORTE,RUA LEONARDO BEZERRA CAVALCANTE,nan,CASA FORTE,ABALROAMENTO LONGITUDINAL,ENTRE DOIS AUTOS S/V,2.0,0.22005847342591625,0.0017196669851235159,0.01648172323759791,0.02148432188409344,0.030668068019511142,0.02798623716507274,0.014800479720889664,0.0036808812302323046,0.0,,,Friday,1.0,2020.0,Verão
75,2020-01-03,18:42:00,Sem vítimas,FINALIZADA,ESPINHEIRO,AV JOAO DE BARROS,EM FRENTE AO Nº 2739,ESPINHEIRO,ABALROAMENTO LONGITUDINAL,COLISAO SEM VITIMAS,2.0,0.22005847342591625,0.0017196669851235159,0.01648172323759791,0.02148432188409344,0.030668068019511142,0.02798623716507274,0.014800479720889664,0.0036808812302323046,0.0,,,Friday,1.0,2020.0,Verão
76,2020-01-03,20:44:00,Não fatal,CANCELADA,BARRO,AV DR JOSE RUFINO,E/F AO IMACULADA CONÇEIÇÃO,BARRO,ATROPELAMENTO,AUTO PASSEIO X PEDESTRE COM VÍTIMA,1.0,0.2,0.0,0.2,1.0,0.2,0.0,0.0,0.0,1.0,,,Friday,1.0,2020.0,Verão
77,2020-01-03,21:23:00,Sem vítimas,FINALIZADA,IMBIRIBEIRA,AV RECIFE,LADO OPOSTO DA TOYOTA TOYOLEX,IMBIRIBEIRA,COLISÃO TRASEIRA,ONIBUS X AUTO PASSEIO S/V,1.0,0.8,0.2,0.4,0.0,1.0,0.0,0.2,0.0,0.0,,,Friday,1.0,2020.0,Verão
78,2020-01-03,21:41:00,Sem vítimas,FINALIZADA,GRAÇAS,AV CONS ROSA E SILVA,LADO OPOSTO AO Nº 239,GRAÇAS,COLISÃO FRONTAL,COLISAO SEM VITIMAS,1.0,1.0,0.0,0.4,0.4,0.2,0.0,0.4,0.2,0.0,,,Friday,1.0,2020.0,Verão
79,2020-01-03,21:54:00,Sem vítimas,FINALIZADA,BOA VIAGEM,RUA DEZ DE JULHO,EM FRENTE AO MAISON CHRISTAL,BOA VIAGEM,COLISÃO TRASEIRA,ONIBUS X AUTO PASSEIO S/V,1.0,0.8,0.2,0.4,0.0,1.0,0.0,0.2,0.0,0.0,,,Friday,1.0,2020.0,Verão
80,2020-01-03,23:42:00,Sem vítimas,FINALIZADA,IPSEP,RUA VIRGINIA HERACLIO,nan,IPSEP,ABALROAMENTO LONGITUDINAL,COLISAO SEM VITIMAS,1.0,1.0,0.0,0.4,0.4,0.2,0.0,0.4,0.2,0.0,,,Friday,1.0,2020.0,Verão
81,2020-01-03,23:52:00,Sem vítimas,FINALIZADA,AFOGADOS,RUA QUITERIO INACIO DE MELLO,OPOSTO AO POSTO PBP,AFOGADOS,ABALROAMENTO LONGITUDINAL,COLISAO SEM VITIMAS,1.0,0.0,0.0,0.0,0.0,0.0,1.0,0.2,0.2,0.0,,,Friday,1.0,2020.0,Verão
82,2020-01-04,02:18:00,Sem vítimas,FINALIZADA,BOA VIAGEM,RUA DEZ DE JULHO,nan,BOA VIAGEM,ABALROAMENTO TRANSVERSAL,COLISAO SEM VITIMAS,2.0,0.22005847342591625,0.0017196669851235159,0.01648172323759791,0.02148432188409344,0.030668068019511142,0.02798623716507274,0.014800479720889664,0.0036808812302323046,0.0,,,Saturday,1.0,2020.0,Verão
83,2020-01-04,08:23:00,Sem vítimas,CANCELADA,BOA VIAGEM,RUA ERNESTO DE PAULA SANTOS,NA AREA DE ABASTECIMENTO DO POSTO SETTA,BOA VIAGEM,COLISÃO,COLISÃO SEM VITIMA,2.0,0.22005847342591625,0.0017196669851235159,0.01648172323759791,0.02148432188409344,0.030668068019511142,0.02798623716507274,0.014800479720889664,0.0036808812302323046,0.0,,,Saturday,1.0,2020.0,Verão
84,2020-01-04,08:34:00,Sem vítimas,FINALIZADA,SÃO JOSÉ,RUA FLORIANO PEIXOTO,AO LADO DA PRAÇA JOAQUIM NABUCO,SÃO JOSÉ,ABALROAMENTO LONGITUDINAL,COLISÃO S/VITIMAS ENTRE DOIS AUTOS,2.0,0.22005847342591625,0.0017196669851235159,0.01648172323759791,0.02148432188409344,0.030668068019511142,0.02798623716507274,0.014800479720889664,0.0036808812302323046,0.0,,,Saturday,1.0,2020.0,Verão
85,2020-01-04,09:06:00,Não fatal,FINALIZADA,HIPÓDROMO,RUA PRUDENTE DE MORAES,EM FRENTE AO DEPOSITO SUPER GÁS,HIPÓDROMO,ABALROAMENTO TRANSVERSAL,COLISÃO COM VITIMA,1.0,1.0,0.0,0.4,0.4,0.2,0.0,0.4,0.2,1.0,,,Saturday,1.0,2020.0,Verão
86,2020-01-04,10:10:00,Sem vítimas,FINALIZADA,BOA VIAGEM,AV ENGENHEIRO DOMINGOS FERREIRA,PISTA LESTE,BOA VIAGEM,ABALROAMENTO TRANSVERSAL,DOIS AUTOS,2.0,0.22005847342591625,0.0017196669851235159,0.01648172323759791,0.02148432188409344,0.030668068019511142,0.02798623716507274,0.014800479720889664,0.0036808812302323046,0.0,,,Saturday,1.0,2020.0,Verão
87,2020-01-04,11:23:00,Sem vítimas,FINALIZADA,LINHA DO TIRO,RUA ALTO DOS COQUEIROS,nan,LINHA DO TIRO,ABALROAMENTO LONGITUDINAL,COLISÃO SEM VITIMAS,,1.2,0.4,0.8,0.6,1.0,1.0,0.4,0.4,0.0,,,Saturday,1.0,2020.0,Verão
88,2020-01-04,11:34:00,Sem vítimas,FINALIZADA,SANTO AMARO,RUA TREZE DE MAIO,nan,SANTO AMARO,ABALROAMENTO TRANSVERSAL,COLISÃO SEM VITIMA,1.0,0.8,0.2,0.4,0.0,1.0,0.0,0.2,0.0,0.0,,,Saturday,1.0,2020.0,Verão
89,2020-01-04,13:01:00,Sem vítimas,FINALIZADA,DERBY,RUA DA BAIXA VERDE,EM FRENTE AO POSTE NºH 034450,DERBY,ABALROAMENTO TRANSVERSAL,COLISÃO SEM VÍTIMA,2.0,0.22005847342591625,0.0017196669851235159,0.01648172323759791,0.02148432188409344,0.030668068019511142,0.02798623716507274,0.014800479720889664,0.0036808812302323046,0.0,,,Saturday,1.0,2020.0,Verão
90,2020-01-04,13:06:00,Sem vítimas,FINALIZADA,MANGABEIRA,AV NORTE,EM FRENTE AO Nº 4371,MANGABEIRA,CHOQUE OBJETO FIXO,CHOQUE NO CANTEIRO CENTRAL DERRUBANDO A CAIXA DO SEMÁFORO,1.0,0.22005847342591625,0.0017196669851235159,0.01648172323759791,0.02148432188409344,0.030668068019511142,0.02798623716507274,0.014800479720889664,0.0036808812302323046,0.0,,,Saturday,1.0,2020.0,Verão
91,2020-01-04,13:52:00,Sem vítimas,FINALIZADA,ESPINHEIRO,RUA CONS PORTELA,EM FRENTE AO Nº 676,ESPINHEIRO,ABALROAMENTO LONGITUDINAL,COLISÃO SEM VÍTIMA,2.0,0.22005847342591625,0.0017196669851235159,0.01648172323759791,0.02148432188409344,0.030668068019511142,0.02798623716507274,0.014800479720889664,0.0036808812302323046,0.0,,,Saturday,1.0,2020.0,Verão
92,2020-01-04,14:31:00,Sem vítimas,FINALIZADA,DERBY,RUA JORNALISTA PAULO BITTENCOURT,nan,DERBY,ABALROAMENTO LONGITUDINAL,COLISÃO SEM VÍTIMA,2.0,0.22005847342591625,0.0017196669851235159,0.01648172323759791,0.02148432188409344,0.030668068019511142,0.02798623716507274,0.014800479720889664,0.0036808812302323046,0.0,,,Saturday,1.0,2020.0,Verão
93,2020-01-04,15:11:00,Sem vítimas,FINALIZADA,SANTO AMARO,AV GOVERNADOR AGAMENON MAGALHAES,LADO OP. CENTRAL DE FLAGRANTES,SANTO AMARO,COLISÃO TRASEIRA,COLISÃO SEM VÍTIMA,3.0,0.22005847342591625,0.0017196669851235159,0.01648172323759791,0.02148432188409344,0.030668068019511142,0.02798623716507274,0.014800479720889664,0.0036808812302323046,0.0,,,Saturday,1.0,2020.0,Verão
94,2020-01-04,15:12:00,Não fatal,FINALIZADA,IMBIRIBEIRA,RUA ARQUITETO LUIZ NUNES,EM FRENTE AO RESIDENCIAL PINHEIROS,IMBIRIBEIRA,ABALROAMENTO TRANSVERSAL,COLISÃO COM VITIMA ENTRE AUTO E MOTO.,1.0,1.0,0.0,0.4,0.4,0.2,0.0,0.4,0.2,1.0,,,Saturday,1.0,2020.0,Verão